{
  "inside_product": {
    "head": {
      "title": "title",
      "description": "description",
      "keywords": "keywords"
    },
    "forms": {
      "searchForm": {
        "action": "#",
        "method": "post",
        "fields": {
          "query": {
            "name": "query"
          }
        }
      },
      "loginForm": {
        "action": "#",
        "method": "post",
        "fields": {
          "login": {
            "name": "login"
          },
          "pass": {
            "name": "pass"
          }
        }
      },
      "regForm": {
        "action": "#",
        "method": "post",
        "fields": {
          "email": {
            "name": "email"
          },
          "pass": {
            "name": "pass"
          },
          "name": {
            "name": "name"
          }
        }
      },
      "forgotForm": {
        "action": "#",
        "method": "post",
        "fields": {
          "email": {
            "name": "email"
          }
        }
      }
    },
    "header": {
      "title": "Логотип1",
      "phone": "8 917 954-77-80",
      "email": "lindal@mail.ru",
      "isGuest": false,
      "user": {
        "name": "lindal",
        "userDataEditUrl": "#",
        "logoutUrl": "#",
        "ordersUrl": "#"
      },
      "createOrderUrl": "/inside-basket/inside-basket.html"
    },
    "good": {
      "id": "1",
      "name": "Название товара",
      "description": "Описание товара",
      "url": "/inside-product/inside-product.html",
      "img": "/static/img/content/test-img/boots.jpg",
      "genderName": "Мальчик",
      "seasonName": "Лето",
      "price": "1500",
      "brand": {
        "id": "1",
        "name": "Название бренда"
      },
      "sizes": [{
        "id": "1",
        "name": "21"
      }, {
        "id": "2",
        "name": "22"
      }]
    }
  }
}