{
  "page_main": {
    "head": {
      "title": "title",
      "description": "description",
      "keywords": "keywords"
    },
    "header": {
      "title": "Логотип1",
      "phone": "8 917 954-77-80",
      "email": "lindal@mail.ru",
      "isGuest": false,
      "user": {
        "name": "lindal",
        "userDataEditUrl": "#",
        "logoutUrl": "#",
        "ordersUrl": "#"
      },
      "createOrderUrl": "/inside-basket/inside-basket.html"
    },
    "forms": {
      "searchForm": {
        "action": "#",
        "method": "post",
        "fields": {
          "query": {
            "name": "query"
          }
        }
      },
      "loginForm": {
        "action": "#",
        "method": "post",
        "fields": {
          "login": {
            "name": "login"
          },
          "pass": {
            "name": "pass"
          }
        }
      },
      "regForm": {
        "action": "#",
        "method": "post",
        "fields": {
          "email": {
            "name": "email"
          },
          "pass": {
            "name": "pass"
          },
          "name": {
            "name": "name"
          }
        }
      },
      "forgotForm": {
        "action": "#",
        "method": "post",
        "fields": {
          "email": {
            "name": "email"
          }
        }
      },
      "filterForm": {
        "action": "#",
        "fields": {
          "brands": [{
            "value": "1",
            "name": "brand[]",
            "label": "Brand1",
            "checked": true
          }, {
            "value": "2",
            "name": "brand[]",
            "label": "Brand2",
            "checked": false
          }],
          "sizes": [{
            "value": "1",
            "name": "size[]",
            "label": "Size1",
            "checked": true
          }, {
            "value": "2",
            "name": "size[]",
            "label": "Size2",
            "checked": false
          }],
          "seasons": [{
            "value": "1",
            "name": "seasons[]",
            "label": "Лето",
            "checked": true
          }, {
            "value": "2",
            "name": "seasons[]",
            "label": "Зима",
            "checked": false
          }, {
            "value": "3",
            "name": "seasons[]",
            "label": "Весна-Осень",
            "checked": false
          }],
          "genders": [{
            "value": "1",
            "label": "Мальчик",
            "name": "genders[]",
            "checked": true
          }, {
            "value": "2",
            "label": "Девочка",
            "name": "genders[]",
            "checked": false
          }, {
            "value": "3",
            "label": "Унисекс",
            "name": "genders[]",
            "checked": false
          }]
        }
      }
    },
    "content": {
      "goodsCount": "132",
      "goods": [{
        "id": "1",
        "name": "Название товара",
        "description": "Описание товара",
        "url": "/inside-product/inside-product.html",
        "img": "/static/img/content/test-img/boots.jpg",
        "genderName": "Мальчик",
        "seasonName": "Лето",
        "price": "1500",
        "brand": {
          "id": "1",
          "name": "Название бренда"
        },
        "sizes": [{
          "id": "1",
          "name": "21"
        }, {
          "id": "2",
          "name": "22"
        }]
      }]
    }
  }
}